id,gender,age,education,work_experience,Honesty-Humility,Extraversion,Agreeableness,Conscientiousness,Integrity,Collegiality,Social_versatility,Development_orientation,Hireability
60fccc84440f8e8c82ca0288,2,21,2,0,3.78125,3.80625,4.00625,3.66875,4,3.9,4,4.3,4.5
639881e5774909b88ee9389a,1,52,3,34,3.91875,3.475,3.95,4.1,3.6,2.4,2.5,3.4,2.5
60e1d5f866e681d7e33fd01c,3,40,3,27,3.075,2.9125,2.6125,3.5625,3.5,2.5,2.5,2.5,2
62ceba5fdab49dfc90278cbb,2,23,3,5,3.97,2.725,3.3125,3.38125,3.2,3.1,3.3,2.8,2.9
6134113b9f3f724a7cf9e390,2,28,4,12,3.0375,2.825,3.0625,2.93125,3.5,3.5,3.5,3.4,3.4
61531a9bd8acf4e88e083892,1,46,3,23,3.3,3.31875,3,3.55625,3.5,3.7,3.6,3.6,3.7
6373aee9c736637f71011482,2,18,2,4,2.45,4.3125,2.65625,2.925,3.2,3.7,3.5,3.5,3.5
60d64ec5cf4d757686ac4f14,1,20,3,1,3.23125,3.25625,3.525,3.33125,3.5,3.4,3.8,4,3.5
6296ecaf7ea72c4951583ffd,1,38,5,15,3.025,2.88125,3.3125,3.35625,3.2,3.3,3.7,3.7,3.3
5e1d0bdfdc1a170a132a6980,2,34,4,8,3.40625,2.89375,3.73125,3.08125,3,3.1,3.4,3.2,3
5ba3de31fcf3440001cd4bc1,2,38,4,11,3.225,2.1625,3.33125,3.99375,3,3.2,3.3,3.9,3.1
59c664453306be000195bb0c,2,56,5,30,3.04375,3.45,3.19375,3.54375,3.9,2.9,2.9,3.6,3.5
62c8d159937c939dd4d139e3,1,30,2,15,2.575,3.75,2.97875,4.2375,3.3,3.4,3.1,3.8,3.4
605776c7ffd8cb64476fc73f,2,41,4,18,3.75,2.9375,4.0625,3.18125,2.9,2.8,2.6,2.9,2.4
638d3556e70c7bf15705e35b,1,67,4,37,3.83125,2.54375,2.7375,3.78125,3.4,3,3.4,3.2,3
60e9031f16bbe7da0089ea25,1,23,3,4,4.125,2.65,3.50625,2.60625,3.5,3.8,3.6,3.4,3.6
6330aa1c7f5f79e3707b7ea6,1,30,4,7,2.525,2.55625,3.46875,2.70625,2.8,2.8,3,2.8,2.6
6100bb2660955ead768c8fcf,2,41,6,14,3.0125,3.7,2.94375,2.64375,2.9,3.3,3.3,3.3,3.4
6380063ad4c58f5102c681c4,1,38,4,20,3.525,2.71875,3.99375,3.38125,3.3,3.3,3.4,3.7,3.5
60faefcf667e07570bed9dcb,1,57,3,18,3.18125,2.8625,3.40625,3.71875,3.5,3.8,3.8,4.4,3.9
63aa3d6570a0b89cc71bc7d8,2,51,2,35,3.475,4.4,3.9,3.5125,3.4,3.3,3.3,3,3.3
60b63b1f1d8a6fc4d72d5328,2,56,2,36,4.1125,2.9875,4.40625,3.59375,3.8,4.8,3.5,3.5,3.7
6104b2ecc49663d91f01bfae,2,25,4,4,3.0375,3.13125,2.775,3.2125,2.8,2.8,2.9,3.2,2.9
5d577affb125380001b5575d,2,27,4,8,2.89375,2.275,2.65,2.425,3.4,3.3,3.3,3.1,2.9
63b73bd5a6179e2e7297d96e,3,20,3,6,3.71875,3.78125,3.75625,2.625,2.9,2.7,2.9,3.4,2.9
6398af4f26e303972b2d4eab,2,60,2,34,2.99375,2.6125,3.9125,3.35,3.4,2.8,2.9,3.3,2.9
62d06d1b651d6922f62fab9b,1,28,4,7,3.21875,3.4375,4.06875,3.93125,3,3.3,2.9,3.4,3
62d5c169b25535bc60fd5248,2,56,5,35,3.66875,3.38125,3.43125,3.86875,3,2.9,3.3,3.4,3
59d6b8f103203500011ace12,2,59,5,31,3.38125,2.61875,3.2,3.70625,3.3,3.4,3.3,3.3,2.9
628510a698e9e63b21ef9139,1,31,5,9,3.45625,3.35625,3.4875,3.13125,4.2,4.1,3.8,4,3.9
61283769a39dd638c256540c,1,47,3,27,2.93125,3,2.88125,2.7125,2.9,3,3.1,3,3
5d59b01348766d0016949e6a,2,40,4,17,4.18125,2.83125,3.63125,3.83125,4.3,4,3.3,3.8,3.8
632bf6af55bff8f5431bc09a,1,25,5,0,2.8625,2.54375,2.88125,2.625,3.8,3,2.9,3.1,2.8
61232cdd072f4f13a41c2302,2,24,3,6,3.59375,3.34375,3.18125,2.9875,3.7,3.4,3.7,3.3,3.5
60fd0c7f3feef315172385cf,2,37,5,21,2.54375,2.36875,3.2875,3.5875,2.8,2.8,2.5,2.9,2.3
62a1e0fa590f6a0427492e41,1,45,4,21,3.0875,3.26875,3.26875,3.03125,3.4,3.3,3.1,3.1,3.2
59ca6d5b46f72100019069c0,1,56,5,34,3.71875,3.35625,3.2375,2.95,4.3,3.6,3.3,3.7,3.5
60ff7e913a2ea98fff1d0cf3,2,20,2,4,2.8875,2.86875,3.10625,3.50625,3.5,3.7,4.2,4.3,3.8
614c0e6fc69699a7da9b770e,2,24,3,7,2.91875,3.11875,3.2125,3.0875,2.6,2.7,2.8,2.6,2.5
62c71e41af2bc57590b548e8,1,42,3,23,3.31875,3.64375,3.7875,3.95625,3.3,3.4,3.3,3.7,3.3
5ec44da606cb7931f04a35e9,1,57,3,36,2.90625,3.90625,3.9125,3.95,4,3.8,3.8,3.8,3.7
5b2489070ec82d0001d1dbb2,2,44,5,17,3.575,2.90625,3.05625,3.78125,4.2,4.1,3.2,3.6,3.7
622a193e32f45a5c28d4875f,1,60,4,36,2.95625,3.25,3.3375,3.48125,3,3.3,3.4,3.7,3.4
5b6c72f29dc5550001f8a514,1,37,4,22,3.2375,3.25,2.80625,3.9875,3.6,3.3,3.4,3.8,3.7
5fb1a1a3a8e4226b1354fd7f,2,20,3,2,3.3875,2.825,3.15,2.71875,3.2,3.2,2.9,2.3,2
628fcdd94ad6099e34e72647,1,45,4,21,2.725,2.93125,2.86875,3.69375,3.2,3.3,3.1,3.5,3.4
5bd49bcc25db7b0001794063,3,34,4,7,3.025,3.43125,3.28125,3.05625,3.3,4,3.8,3,3.4
62c61d523167ae5eafc98e6c,1,30,5,13,3.99375,2.3875,3.56875,2.81875,3,2.7,2.7,2.4,2.3
62e1bc1f7bc99745a170ce2e,1,36,3,17,3.866666667,4.375,3.591666667,2.758333333,2.8,2.8,2.6,3.9,2.8
5c580c3dd3cc6b0001d9ffbf,2,44,3,16,3.65625,2.7625,3.9375,3.1375,3.7,3.7,3.6,3.5,2.5
612e44861dc0709ab9f444ba,1,32,3,13,2.5625,2.7,3.35625,3.41875,3.4,3.3,3.3,3.2,3.3
6389301d2575b8e4c1e7cc5c,2,63,4,20,3.4375,3.6125,3.15,3.61875,3,3.4,3.3,3,3.4
6272c50e0f591ac1dc8c2e02,2,44,4,9,3.33125,2.575,2.5625,3.08125,3.4,3.3,2.9,3.3,3.1
5c35293501f27e0001094ba5,2,42,4,26,3.21875,2.26875,3.075,3.53125,3.8,2.7,3.1,3.8,2.9
5a443812817d1800018d1179,2,35,2,10,2.84375,2.94375,2.275,2.80625,2.8,2.8,2.6,2.9,2.2
5f315908aea34d0ca5c4e8d3,2,49,4,36,3.3625,2.5125,2.425,3.175,3.5,2.5,2.5,3,2.5
60ef2700e476748689a999f7,2,31,3,13,3.85625,3.74375,3.68125,3.9375,2.5,2.5,2,1.5,1.5
5e97af0bca82b6278c859323,2,28,3,2,3.675,2.54375,3.7375,3.525,3.4,3.7,3.2,3.7,3.2
5e5dcce0e58b6a0f18009f84,2,28,4,6,2.94375,3.65,3.18125,2.925,3,3.5,3,3,3
5e8f53644b34ff22d9b3a1c5,1,40,2,7,3.0125,2.675,3.6,2.8,3.3,2.8,3.1,3,2.6
5d4bed118cbe900016c1f6d0,1,31,3,9,3.5,2.35625,4.2,4.31875,3.5,3.4,3,3.6,2.7
62fba37f3560a85b4eb94aac,1,45,3,29,3.15625,2.73125,2.45625,3.50625,3.4,3,3.2,2.8,2.9
5f7a0bc4853bd46503a27113,3,25,5,4,3.575,3.74375,3.7875,3.3875,3.2,3.2,3.2,3.7,2.9
5c54bf7d77f9e700015ef638,2,45,5,25,3.45,3.84375,3.6125,3.7875,4.1,4.2,3.8,3.9,4.2
5d90298097a2130015f3fa3c,1,32,2,13,3.51875,3.15,3.525,3.325,3.5,3.6,3.4,3.2,3.4
5cb489ff0cd1ed0017465d19,1,33,2,16,3.39375,2.43125,3.03125,3.59375,3.5,2.9,2.4,3.3,2.8
60b4a8a01d08a9bfb5f1e408,3,25,3,9,2.84375,2.41875,3.21875,2.5625,2.9,2.3,2.4,3.5,2.2
611118b967515e93dcf141f1,1,21,3,5,4.025,3,3.7,3.01875,3.2,2.9,2.8,3.1,2.7
6314686dea012501d8934177,1,33,5,10,3.3,3.525,3.15,3.7875,3,2.8,2.6,3.6,2.7
62728c148af5805feea46dc8,2,40,2,21,3,3.13125,2.93125,2.84375,3,3.1,3.2,3.4,3
6234e1b277e7fe207a9ad500,1,52,2,25,2.96875,2.90625,3.275,3.0875,2.6,2.7,3,2.8,2.4
60eb70ffed340b865e2849d1,1,50,5,31,3.71875,2.8875,3.68125,3.64375,4,4,4,4,4
5be76781f6d13b0001cf5257,1,33,3,16,3.59375,3.61875,3.5,3.6625,3.7,3.8,4.2,4.1,4.1
60379dc17dc2aa000830366e,1,30,2,14,3.24375,2.8875,3.43125,2.93125,3.2,2.8,3.1,2.4,2.5
62ec3d6c5a882ff93a4af5b3,1,26,4,7,3.2125,3.4,3.3125,3.49375,3.3,3.3,3,3.5,3.3
6100b4e5864c376c3f4d8f5a,2,23,4,7,3.425,3.125,3.39375,3.61875,3.6,3.9,3.5,3.4,3.7
61082b4346fa6b2ad1f6a8d8,3,25,5,6,4.39375,3.65625,3.55625,3.075,3.5,3.7,3.6,3.3,3.5
632e9aa62793c18a857aece4,1,41,3,25,3.4,3.3125,3.8125,2.70625,3.8,3.7,3.6,3.2,3.6
6320a1395b4e05325c746101,1,22,2,8,2.65,2.55625,3.2375,2.98125,3,2.9,3,3.2,3
612e9fb57400639a88cfae33,2,27,4,6,3.34375,3.4125,3.19375,3.0375,3.9,3.7,3.3,3.6,3.6
5fe112243ce806b5704eca6e,3,43,2,11,3.31875,2.9625,3.48125,3.925,3,2.8,2.8,3,2.4
61031cd5bd9b63f1cc2edd7e,2,22,4,6,3.74375,3.28125,3.03125,3.2,3.5,3.5,3.4,3.5,3.5
6238dfab577ecd4adb97a917,1,50,4,28,2.05625,2.9375,2.08125,2.8,2.7,2.8,2.7,2.8,2.8
63614edb8ec467e6999ff831,1,32,6,1,3.45625,2.63125,2.98125,3.76875,3.3,2.5,2.6,3.4,2.8
60a2fae17fe95f27ca52e424,2,21,3,5,3.13125,2.60625,3.6375,2.89375,3,3,3.5,3.5,3.5
63614b8fe4d56b9d300a5f53,1,32,3,10,2.95,3.4125,3.175,3.1375,3.4,3.3,3.2,3,3
5eb0745480b12a11c526ffc8,2,32,4,17,3.05,2.96875,3.36875,3.56875,3,3,3,3.5,3
62b20c0065e9809e66d13fa5,1,24,2,7,2.5875,2.78125,3.6375,2.575,3.3,3.1,3,3.3,3.1
62c396eed1893e06fdad4574,1,27,4,9,3.2125,2.8875,3.79375,3.14375,3.5,3.6,3.3,3.3,3.4
6304d96fa9bd6e269ae89297,2,43,4,21,4.675,2.475,3.475,2.975,3.7,2.6,2.9,2.9,2.6
61372727e083e6cd1c827f81,3,40,4,22,2.9,2.825,2.58125,3.08125,3.4,2.8,2.8,2.8,2.6
5f5452df72345118f58d187b,1,54,3,45,3.275,3.01875,3.55625,3.41875,3.2,3.1,3,3.3,3.2
629534afc0924e49e1464589,1,36,5,12,3.075,3.325,3.38125,3.10625,2.6,2.7,2.7,2.6,2.5
5c5c3c5a676a2800013eba45,1,35,3,18,3.10625,3.2875,3.31875,3.375,3.8,4,4.2,4.1,4.1
63bf3247bf3b5ebd734157ee,2,62,3,48,4.2625,3.25,4.275,4.06875,3.7,3.3,3.4,3.7,3.5
6125c324391974c4c912ba10,1,33,3,16,3.325,3.16875,3.55,2.7625,3.4,2.7,3.2,3.6,3.2
5f5171f781da7d3c0aa7024b,1,21,3,1,3.6625,3.05625,3.6875,3.1625,3.2,3.3,2.8,3.4,2.8
612547f89bad5437aaecfa66,1,30,4,12,2.84375,2.9875,2.775,2.9375,2.5,2.3,3,2.9,2.5
62dcb56ed694f64640b46ecd,1,21,3,3,3.5,3.8375,4.225,2.5375,3.2,3.1,2.9,2.8,2.6
631f3abc8826b6e7e8982648,2,36,4,20,3.34375,3.69375,4.10625,3.28125,3,2.9,3,2.9,2.8
60306cf6330619ee41fa3cd2,1,31,4,8,3.2,3.5125,3.46875,3.89375,3.3,3.2,3.2,4,2.9
5b0d1b8e444cef0001ca66ac,2,58,3,21,3.475,2.625,3.26875,4.05625,3.1,3.3,3.2,3.3,2.8
612682ec747ac2d5df40f7df,1,22,3,5,2.61875,3.0875,2.8625,2.925,2.9,2.9,2.4,3,2.5
6266c2af9e12be23dff07d28,2,52,5,37,3.66875,3.15625,2.94375,3.23125,4,3.5,3.5,3.5,3.6
62349b2406ea604d296bd69d,2,33,3,18,3.225,2.95,3,3.075,3.3,3.1,2.8,3.1,3
62ceb98594c924be25e1db41,2,31,3,13,3.625,3.1125,4.2375,3.43125,3.7,3.1,3.3,3.5,3.4
632349c7a311d9aa8d2f9a9b,1,44,4,30,3,2.825,3.85,3.125,2.9,2.6,2.7,2.9,2.4
5bdf5d0d14b3cd00019d99a3,2,24,3,2,3.225,2.16875,3.26875,3.55,3.2,3.1,3.4,3.1,2.9
5ff003139cc6b3eb2fd102f2,2,24,3,5,3.025,2.3375,2.3625,2.4625,3,2.9,2.3,2.3,1.6
63b7723d656a1c5739386185,1,18,3,2,3.04375,3.1875,3.75625,3.9375,3.1,2.8,2.6,3.7,3.3
6135d372d149620fce4fba60,1,26,3,10,2.75625,3.075,2.89375,3.375,3.1,3,2.9,2.9,2.7
5a03d20a7ecfc50001be0a7a,2,38,7,13,3.525,3.525,2.28125,3.95,3.8,3,2.9,4.1,3.2
5dae16d241fbb6001160ce72,1,39,5,15,3.0875,3.81875,3.91875,3.4625,3.9,4.6,4,3.8,4.2
55b74f71fdf99b6e0c49975b,1,45,4,25,3.01875,2.98125,3.5625,3.01875,3.5,3.8,3.3,3.8,3.9
5debce5335575a2bed69acc6,1,57,3,41,2.925,3.61875,2.68125,3.35625,3.2,3.4,3.2,3.7,2.9
623519c893eaebfcb0046e26,2,38,4,18,3.05,2.98125,3.34375,3.53125,3.2,3.1,3.2,3.8,3.2
62728d9afbb36631896f3bcb,1,41,4,22,2.85,3.29375,2.8875,3.025,3.5,3.1,3.1,3.7,3.2
60de50896b0ce86b84a2ee24,2,46,2,26,3.43125,3.63125,3.98125,3.225,3.9,4.1,3.9,3.6,3.7
615880a66bc32302998866d9,2,56,6,24,3.28125,2.775,3.14375,3.1,3.9,3.5,3.1,3.4,3.4
631bf371cafbcf75cee93374,1,24,3,6,3.66875,3.2375,2.31875,2.95,3.2,2.7,2.8,3,2.4
5f9e394bfc6fc63e6317cf9f,3,22,3,6,4.1375,2.2625,3.2375,2.85,3.8,2.8,2.7,3.2,2.7
61514f5537097bf8052a71d0,1,25,4,5,2.85625,2.5625,2.8375,2.56875,2.6,2.6,2.4,2.4,2.4
60d905d968d5d28e18ee58a1,2,33,2,15,3.3,2.7,2.95,3.63125,3,3.1,2.6,2.8,2.3
5e90a1eaad04060882d17a3d,1,28,6,4,3.3375,2.29375,4.08125,3.5125,3.4,3.5,3.3,2.7,2.8
60ff5715ebf2da91a8472115,3,27,4,7,3.3875,2.625,3.475,3.525,3,3.1,3.4,2.9,3
5dee44454d7bea4e3f4b44a6,2,35,4,15,3.375,3.4375,3.55625,3.79375,3.4,3.7,3.5,3.8,3.7
614f2378929f8d4e2447ec6c,3,41,4,25,3.2,2.85625,3.4625,3.775,3.1,3.2,3.2,3.3,3
5cce4682f2ba8e00017f3de2,2,42,3,21,2.375,2.9,3.5,3.25,3.3,3.8,3.5,3.3,3.3
6110aee2ce95d0cb5f8d4d9c,2,32,5,16,3.09375,2.5125,2.39375,3.025,3.8,3.4,3.2,3.6,3.2
5c8db07eb1f89a0016777fe0,2,35,2,10,4.1125,2.85625,2.9125,3.40625,4.8,4.6,4,3.7,4.3
5c79bc94d454af00160e2eee,2,31,5,12,2.583333333,3.358333333,2.433333333,2.708333333,3.4,3.8,3.3,4,3.5
6335d094ca5827c5d63b143f,1,41,5,23,3.49375,3.24375,3.26875,3.81875,3.3,2.8,2.8,3.2,2.8
63b6be5e93fb553e9f17f8a6,1,32,2,13,3.21875,2.675,3.4625,2.525,3.2,2.9,2.9,3.4,3.1
56588a127d69570012dfe00a,1,36,4,17,2.76875,3.66875,3.575,2.9,2.8,4.4,4.4,3.7,3.7
637ea165e071484955b325f7,1,57,4,30,2.99375,3.70625,2.89375,2.475,3.8,2.8,2.9,3.4,2.8
5fdd32c1a53c573e2fe8ed16,2,24,4,2,3.4875,3.9125,3.1,3.93125,3.5,3.7,3.7,4,3.8
5d74001d391b6600175f433b,2,34,4,20,3.79375,3.64375,3.88125,3.78125,4.2,3.7,3.7,3.5,3.5
5a9416ba6475f900019fa690,1,28,3,10,3.1125,2.90625,3.99375,3.925,3.7,4.1,4.2,4.3,4.3
58509fbda6946500016117ed,1,35,3,16,2.84375,3.3625,3.225,3.9125,3,4.1,4.6,4,4
61206e8d3e6a6ccdd064637c,1,61,3,39,3.01875,2.9625,2.79375,3.0125,2.9,2.5,2.6,2.7,2
57658ec09dcd970001dbdbd5,1,34,4,8,2.95,2.9875,3.4,2.95625,3.6,3.2,3.3,4.1,3.4
632bf0c833cf500d10aeb279,1,22,3,4,2.66875,2.1625,2.875,2.8625,3.1,2.5,2.6,3,2.5
6108b3ff82db698c577e6165,3,21,3,4,3.4625,3.2,3.6125,3.2625,3.7,3.4,3.8,3.6,3.7
5bb9230a8869b10001012321,3,29,3,3,3.4,3.125,3.5,2.925,3.8,3.6,3.2,3.3,3
623a3d1b72cde1824ccbc6d1,2,31,6,5,3,3.225,3,3.15,3.4,3.3,3.6,3.4,3.2
63bc87f783afb5aed2c937d2,1,25,3,8,3.2625,1.80625,2.11875,4.2,3.5,2.9,2.4,3.3,2.2
6053a8d54ee4c8d353177990,1,52,4,23,3.3625,3.375,2.95,3.79375,3.2,2.9,2.9,2.8,2.7
60318abd5f6c24103dd02a1f,1,29,4,8,3.33125,2.98125,2.8875,3.35625,3.1,3,2.7,3.8,2.8
6294c3853d7d999b10bd034e,2,20,3,2,2.56875,3.225,3.11875,3.18125,2.9,3.1,3,3,3
5977e3867412f8000194e1fe,1,43,6,19,2.9625,2.9875,3.0875,3.34375,3.5,4.2,3.8,4,3.9
5dd14dd31e70da1d0ee5bab8,2,54,5,21,4.10625,2.2875,3.8,3.29375,4.7,3.5,3.8,3.9,4
607f7f18d84d010ea2cd8664,2,23,2,10,3.36875,3.04375,3.93125,3.69375,3.3,3.4,2.8,2.8,2.4
5d49a0b751695e0001a188a8,2,58,4,15,3.4875,3.85,3.58125,4.04375,3.3,3.9,3.7,3.8,3.7
6310ceffa120ca2c1fbe1d92,2,44,3,25,3.1125,2.3,3.65,4.1375,4,2.8,2.5,3.3,2.9
61511b7499620085c08c171d,2,40,5,15,2.96875,3.09375,3.325,3.2875,3.4,3.4,3.6,3.6,3.3
615327ab3d238b032366a545,2,32,4,14,3.375,3.18125,3.20625,3.26875,4,3.8,4,3.9,3.9
6111216b74cfd482d05ac02b,2,21,3,4,2.6625,3.14375,2.71875,3.48125,3,3.5,3.3,3.2,3.2
63615a0d78c37e20f0739bd6,1,39,4,15,3.16875,2.48125,3.35,2.775,3,2.4,2.9,2.8,2.5
62a74daa695f792361470dd1,1,29,4,10,3.06875,2.99375,3.28125,3.39375,2.9,3.3,3.1,3,2.9
60f4e3ab507bbb123f866e88,2,24,4,4,3.1625,2.78125,2.95625,3.475,2.8,2.9,2.9,3,2.4
5f1e363c0add987ddec0faa8,2,23,3,4,3.1,2.9625,3.0875,3.5375,3.5,3.5,3.8,4,3.4
62a89318448a8592fc88ee03,1,40,5,19,2.8875,2.90625,3.51875,2.95625,3.5,3.2,3.4,3.2,3.1
634696400ff1ac25ed01ad11,2,43,3,18,3.175,3,3.36875,3.7875,2.9,2.5,3,3.3,2.8
6164d593d3783a588b11017b,2,25,2,6,2.99375,3.33125,3.03125,3.38125,3,3.3,3.2,2.9,3
610759f2e41f422b6dad0d6e,2,26,4,3,3.6625,3.5625,3.45625,3.48125,3.6,3.7,3.8,3.7,3.7
5bdcd88176d6d50001bc3849,1,58,4,25,3.9125,3.45625,3.375,4.18125,4,4,3.7,3.9,4
5fec2d32d4f1e489c08795e6,2,36,3,13,3.525,3.15625,3.09375,3.65,2.5,2,2,2.5,2
603862f99e00971c55fe0874,3,32,3,15,3.78125,2.78125,3.4125,3.0875,3.5,3.3,2.6,3,2.7
633e64efca51d0be6c6f52a1,1,31,4,8,2.89375,3.73125,3.6625,3.275,3,2.9,2.8,2.7,2.5
60031a7fcb3b2238616558a1,2,38,3,19,3.0375,3.4875,3.9375,4.025,3.6,3,3.3,4,3.3
5fdee4d96a36576ca62e4518,1,47,4,28,2.88125,3.3,3.70625,3.4,3.4,4.2,3.8,3.4,3.5
601b28841ca7bb2f8edaa293,1,32,3,14,3.4,2.78125,4.0125,3.16875,3,3.3,3.2,3,2.3
5e7027c5a2522d000bddb8f3,1,31,4,11,3.1375,2.575,3.50625,2.6375,3.6,3.7,3.7,3.3,3.4
5fba8ed9c7bb9a72a8c0ed8c,2,59,4,35,3.39375,3.70625,3.69375,3.3125,4,4.4,3.8,4.2,3.9
5513256cfdf99b1607b1f47b,1,32,5,12,2.8875,3.09375,3.90625,3.575,3,3.8,3,3.5,2.9
5d01c7858a840b00175c2123,1,23,3,2,3.15,1.50625,3.2,2.725,3.2,2.4,2.3,2.7,2
572036a1fd3a5200093c126b,2,45,4,22,3.325,2.3,2.25625,3.84375,3,1.9,2.2,3.3,2.1
58adfc6e7cf56d0001f931a2,1,26,3,0,2.266666667,3.833333333,4.233333333,2.066666667,2.5,3,3,2.3,2.5
5a8ac2d8f49c9a0001f3ab34,2,36,3,19,2.65,3.0625,3.31875,2.5625,3.6,3.5,3.7,3.6,3.5
6111b0add6d9e4db1ee4b1f5,2,22,4,5,2.95,3.28125,3.4,3.5875,3.6,3.5,3.4,3.5,3.6
60885e3577b7ef42c2c73aa9,1,39,5,15,3.525,3.5125,3.74375,3.36875,3.9,4.3,4,4,4.8
5f8f54c1450c2d1b5984c34f,2,25,4,9,3.41875,2.675,4.1375,3.9875,3.3,3.1,3.3,3.5,2.9
549b8ef4fdf99b4ffa5fa0c9,2,47,3,30,2.8875,3.15,2.35625,2.775,3.3,2.7,2,2.7,1.8
5f52c941fc18905c7e8f78fd,1,44,5,22,3.175,3.33125,3.1125,2.9625,3.1,3.5,3.8,3,3.3
6111308dc631d4011ef43a73,2,24,4,2,3.5375,2.44375,3.5625,3.7375,3.4,2.9,2.9,3.6,3.2
5f5ea24540d99b76cb6af503,2,24,4,2,3.73125,3.00625,3.80625,3.725,2.9,2.9,2.9,3,2.7
5fc1c035ac92312b4c2e6bab,2,30,3,4,3.225,3.1375,3.28125,4.08125,3.1,3.6,3.3,3,3
6282e2e2479eff12a562838c,2,50,4,33,3.3375,3.68125,3.14375,3.775,3.5,3.4,3.3,3.5,3.3
637ae6da2c8a92b511c1e8c1,2,56,4,30,3.45625,2.6125,2.8,2.34375,2.3,3,2.5,1.7,2
63936bad01efa1e55f6e149d,2,58,4,33,3.04375,3.30625,3.5,3.325,3.5,3.6,3.3,3.1,3.4
62f79ff5175d45db6dad1c5b,1,44,2,25,3.49375,3.40625,2.69375,2.70625,2.3,1.9,2,2.5,1.9
5f8c8f0720fed940a6472d4a,2,26,4,3,3.3375,2.6125,3.93125,2.99375,3.1,2.9,3.1,3.3,2.5
5b95ff3a21e7200001f5a795,2,39,3,6,3.65,3.075,3.575,2.7375,3,3.6,3.5,3,3
5bc5fe53a7b320000113c150,1,24,2,8,3.3875,3.025,3.75,2.93125,3.5,4,4,3.5,4
5d7e7207461e51001c5c236c,1,24,4,1,2.408333333,2.933333333,2.583333333,2.625,2.8,3.3,2.8,3,2.7
5f92002ccc33eb0ff3d749c5,2,65,4,29,4.11875,1.75625,3.84375,4.2625,3.8,2.7,2.7,3.4,2.4
61523ad1ae3acee5b3f7287b,2,39,5,16,3.09375,2.94375,3.45,3.48125,3.3,3.1,3.8,3.8,3.2
62f708e4d875cdc4a05333c5,1,44,3,22,3.175,2.7875,3.2875,2.6625,2.8,2.7,3.1,2.5,2.4
6111234ac8cfa49e38acbfb4,2,23,4,7,3.175,3.2125,3.5875,3.5625,3.9,3.8,4,3.6,3.7
6116f5e262766b3c715ab4f8,2,22,2,4,3.11875,2.64375,3.4375,3.3375,3.6,3.1,3.2,3.2,3.3
62da0d692b89efcaba51846d,1,31,3,7,3.24375,2.60625,4.075,2.43125,2.5,2.7,2.4,2.5,2.2
60c433a4f78e97b5ef1ce71b,2,47,4,26,3.0875,3.425,3.68125,4.2125,3.3,3.7,4.3,3.8,3.8
6288c55999c075200b4bfc41,2,28,6,5,3.30625,2.86875,3.2125,3.16875,3,3.4,3.5,3.3,3.4
63bc72e1171fb0c2103c571f,1,28,3,9,3.64375,2.76875,3.80625,3.33125,3.2,2.9,2.9,2.9,2.8
63782709326973c77adc3db8,2,65,4,51,4.26875,3.7,4.30625,3.05,3.5,3.3,3.6,2.9,3.4
633b82ab54af035c569082fb,1,22,4,0,2.0125,3.225,2.7625,2.14375,2.9,2.7,2.9,2.4,2.4
629e241d171ec6698e05f149,1,27,2,8,2.31875,1.93125,2.98125,2.5,2.7,2.1,2.1,1.7,1.9
62d5788341a681924672a1ca,1,35,4,16,3.11875,2.95,4.2375,3.78125,2.9,3,3.3,3.2,3
5f4f070d58f7aa1540f27f0e,2,62,5,26,3.81875,2.65,3.9625,3.925,3.5,4,3.8,3.8,3.6
63a4af8f8b8722876fa88952,1,61,3,41,3.48125,3.575,2.7875,4.09375,3.8,3.2,3.3,3.6,3.4
634e1076f43266192b130e13,2,37,4,14,3.4125,3.1625,3.3,3.45,3.3,3.5,3.4,3.2,3
5fa0a2400f2ecd114f39f738,1,33,4,15,2.98125,2.39375,2.81875,3.09375,2.5,2,2,2.3,1.5
60fcd954f5ff1656599b53c9,1,37,3,15,2.975,2.766666667,2.55,3.166666667,4,3.7,3.4,2.9,3.4
5d5dcbce56779f001a62245e,1,41,5,11,2.85625,2.30625,3.15625,3.175,3.5,3.3,3.5,3.6,3.2
60144cac1e8f203e861fc5f6,1,30,5,7,3.1,2.90625,2.6125,3.71875,3.9,4,4.1,4.2,4.3
63acc88bf5fff841db211031,2,49,3,32,3.71875,2.9,2.99375,3.85625,3.5,3.2,3,3.3,2.9
6105619fd55674bb2c2f0f74,2,26,2,7,2.883333333,2.25,3.025,2.75,2.9,2.7,2.7,2.4,2.4
5efb31fa8cd32f04bf048643,2,37,3,17,4.041666667,3.65,3.016666667,3.483333333,3.1,2.5,2,2.7,1.9
5a8d8079190420000156435d,1,38,4,16,2.81875,3.325,3.625,2.45,2.7,3,3,2.9,2.6
610cd0b96470d70ab18955fa,2,22,2,1,3.48125,2.73125,3.025,3.0625,2.8,3.2,2.9,2.7,2.5
62b0ff84054c6ca32f481c65,2,44,2,22,3.80625,3.16875,3.8875,2.875,2.7,2.8,2.8,2.4,2.3
63926f15456eea88b2469f91,1,37,1,21,2.73125,3.25,3.10625,3.04375,3.9,2.6,2.5,2.6,2.6
60d88604c5043e278f740608,1,46,4,25,3.0875,3.24375,3.1125,3.00625,3.7,3.7,2.9,3.1,3.1
5fe3b66ad42dc508212bb4bd,1,23,3,3,2.9,3.125,3.7,3.058333333,3.5,3.8,3.7,3.3,3.5
62bd1d1283b326cde10cf27a,1,61,5,39,4.0875,3.4375,3.66875,4.20625,3.9,3.8,3.8,3.9,4.2
628dec55823f672331c68577,1,24,3,7,3.36875,2.975,3.70625,3.33125,3.5,3.1,2.9,2.9,2.9
63b6e6ab530c4fe8e28adbe6,2,22,3,6,3.33125,2.55625,2.9625,4.225,3.5,2.8,2.9,3.4,3.1
6109ced9183e69e8ba12c15f,2,19,3,3,3.6875,3.1125,3.50625,3.83125,3.5,3.4,3.7,3.5,3.6
6004fb013a8d786ca7d9afc3,2,35,5,13,3.175,3.7375,2.86875,2.68125,3.1,4,2.6,3.3,3.2
615b39c56d4a42f215089b8a,1,30,4,9,2.8875,3.21875,3.3875,2.96875,3,3,3.2,2.9,3.2
6344590912e9b0ebb41d518c,1,56,4,37,2.53125,2.65625,3.3875,2.825,2.9,2.9,2.8,2.9,2
60d2988d4612ecd49bc76539,2,26,4,4,3.0125,2.9,3.58125,3.58125,3.5,4.6,3.9,3.7,3.5
63b6c0f765c8dd35c3e6c36a,1,21,3,2,2.9125,2.84375,3.4625,2.875,3.1,3.3,3.3,3.3,3.1
5a57cb50acc75b00017a2b01,2,38,5,15,3.51875,3.18125,3.80625,3.7625,3.6,4.1,4,3.6,3.8
616604bed27acb2f4e2841a9,1,24,3,7,3.11875,2.4875,2.95,3.1125,2,1.8,1.7,1.7,1.5
634865f77fe29563ec6f621c,1,30,5,8,2.9375,2.11875,3.41875,3.775,3.2,2.8,3.2,3.8,2.9
5a348ea750833c0001ee9550,2,35,4,18,3.6375,2.075,3.3875,3.6125,3.5,2.8,3,3.5,2.9
62926f5a375553f13d68bc92,1,60,4,38,2.8375,3.175,3.325,3.0625,3.7,3.4,3.3,3.6,3.3
6272ab12b3d9c61d2271db8d,1,40,3,15,2.9875,2.65625,2.75625,2.975,2.7,2.8,2.6,3,2.4
57e7bb4e73e67300012b8e2a,2,54,3,30,3.475,3.83125,3.19375,2.85,4.5,3.7,3.2,3.8,3.6
63bbc8ba5520732c211a6ae8,2,48,3,24,3.5375,3.8875,3.775,3.35,3.5,3.1,3.2,2.9,3.1
5f99a9a8a1558603b27e39e5,1,57,3,39,3.06875,2.43125,2.24375,4.0875,3.5,2.5,1.5,3,1.5
5fed41e3e14422f5e308c6e5,1,45,5,25,3.43125,2.50625,3.28125,2.75625,3.2,3.5,3.4,3.5,3.3
5f5155aba90f9b3760f2f4bc,1,40,5,18,4.1875,3.20625,3.94375,2.36875,4.4,4.3,4.1,3.6,4.2
5f4b01e7e534bc10f5b6388d,3,25,3,6,3.44375,4.14375,4.08125,3.7125,3,3.5,3.6,4,3.3
59aba109d4ef6600011211c9,2,49,3,24,3.075,2.93125,2.90625,3.525,3.5,4,3.9,3.7,3.6
62ffd71667a933f2d8bb4ab0,1,23,4,4,2.5125,2.95625,3.2375,3.91875,2.4,2.6,2.7,4.1,2.7
639aa4b8f52bdf60b603c9b1,2,66,4,21,3.05,2.875,2.95,3.1,2.9,2.7,2.9,3,2.8
6101caab1315f0a3159be863,2,29,4,7,2.9375,2.6875,3.05,3.35,3.7,3.4,3.4,3.7,3.4
60d7416aaa24206365b46806,2,22,4,6,3.725,3.81875,3.45625,3.44375,4.4,4.8,3.9,4.5,4.7
62ac7d0d794fad54e6cf7d84,1,32,3,8,3.2375,2.125,2.475,2.3125,1.9,1.6,1.4,1.2,1.4
62f0f422c25e8ccbcb742154,1,47,2,30,2.60625,3.34375,3.8375,3.74375,2.5,2.7,3,2.9,2.2
631fc3e54c3c0515402fdd17,1,19,1,0,2.55625,3.175,3.475,2.1875,3,2.4,2.8,2.4,2.3
5733464fbc6923000fcd2de1,2,52,5,33,3.375,2.7375,3.6625,3.4875,3.6,3.8,3.7,4,3.2
62976e7114308ee7c69d10ae,1,40,6,15,2.8875,3.0625,2.3125,2.825,2.2,2,2.1,2.5,1.7
5fb96b9798cd084465b0bf36,1,52,3,34,2.9625,2.90625,2.55625,3.29375,3,2.5,2,2.8,1.8
616f0b4cde85d60d1d2cb938,1,23,3,4,2.825,3.3875,2.74375,2.98125,3.9,3.7,3.4,3.3,3.6
638f9e7c0efdd9badb8b0353,2,55,5,31,2.69375,2.475,2.925,2.6875,2.6,2.9,2.7,3.2,2.5
5f16c677bc5f86028f33fc62,2,21,3,2,3.09375,3.575,3.0625,3.64375,3,3.5,3,3,3
63d13dbf2d8a41f897c4d8fd,1,28,3,9,2.775,2.35625,4.16875,2.65,3.4,2.8,3.2,3.5,3.3
5563b68afdf99b672cca50d3,1,44,3,12,2.925,3.2375,2.4875,2.975,3.2,2.1,2.3,3.6,2.2
5f6be7056ec0431594b8b325,1,27,5,6,3.25625,2.5875,3.50625,2.95625,3.2,3,2.8,3,2.6
62e2f07641ec065b97e4fcd3,1,48,3,29,3.40625,2.95625,4.35,3.36875,2.8,2.9,2.9,3.5,3.1
60f838095603e27ca51820a7,1,65,4,42,4.025,3.24375,3.25625,3.2,3,3.5,3.3,3.5,3.1
5fb2041681fe9376804e1249,2,41,4,19,3.8625,2.53125,3.56875,3.88125,4,3.2,3.2,3.5,3.3
5ee8f9a309471c0d46a6d247,2,35,4,11,2.85,2.40625,3.6375,3.7625,4,3.5,3.5,3.9,3.9
615102c62504c240ac52cb00,2,30,4,12,3.2,3.11875,3.36875,3.45625,3.5,3.2,2.9,3.2,3.2
60c12fe6ca8c4aa6d0185190,1,39,4,16,3.0375,2.7875,3.15,3.125,3.5,4,2.5,3,3
610508c09d61c098f072605b,2,25,3,1,2.6375,3.45625,3.36875,3.88125,3.3,3.4,3.4,3.2,3.3
60885d559ca52f07dd234260,1,50,4,35,3.575,4.33125,2.65625,3.825,4.1,4.3,2.9,3.5,3.5
611377497bdc630aedb0c1a7,2,22,3,1,2.45625,3.1125,2.49375,2.4,2.2,2.2,2.3,1.8,1.7
62961bfdbe5f238d3225db72,2,42,3,16,2.975,3.3625,3.23125,3.725,3.8,3.7,3.5,3.5,3.9
5dbc46b70338051eb7999760,2,45,4,27,3.44375,3.44375,3.75,3.84375,3.2,4.2,3.6,4.2,3.4
5c91658e319e1200014f6f9b,1,38,4,20,2.65625,3.4625,3.2625,2.69375,3.4,4,4,3.6,3.6
636150c1c5a922d6451c675c,2,39,3,22,3.81875,3.85625,3.0375,3.475,3.5,4.1,3.5,3.3,3.7
5c25e498867f660001ae0ea6,2,42,3,27,3.2625,4.14375,3.86875,4.14375,3.6,3.8,3.4,3.7,3.8
59f78f90a764fc000135f6e6,2,38,5,15,3.73125,2.38125,4.0625,3.95,4.1,3.9,3.7,3.6,3.8
62acc0a0e293719010c1d3c7,1,23,4,5,3.0625,2.53125,3.3625,3.525,3,3,2.9,3.8,3
6122887748c825a688a6dd20,2,40,5,15,2.975,2.6625,3.03125,3.41875,3.1,3.1,3.3,3.2,3.1
610ad21c0586bfb21376e859,2,31,3,11,2.93125,2.6,3.3125,3.4875,2.8,2.7,2.8,3.3,2.7
5bbc18010cb04c00015025ce,2,35,3,16,3.025,2.70625,3.3625,2.925,3.7,3.4,3.5,3.5,3.1
601387b4aa37e127b0544497,2,38,3,14,3.38125,2.825,2.99375,3.55625,2.9,3,2.5,2.3,2
5ec03a5e431c380a2dd46bb5,1,22,3,7,3.116666667,3.016666667,4.283333333,3.175,3.7,3.8,3.9,3.9,3.8
5f6e7d8a97c74a3d7500120e,2,41,4,15,3.58125,2.675,3.55625,3.575,3.4,3.2,3,3.3,2.7
5ebd758a3d870d0725a23e07,3,25,3,2,3.21875,3.91875,3.775,4.01875,3.8,3.5,3.2,3.5,2.9
5f244e0d0d7f44018faa3938,2,35,3,19,2.89375,2.31875,2.70625,3.775,3.3,3.1,3.4,3.5,2.9
6335e35d7a38530d68fd75ca,1,21,3,15,2.46875,3.2625,3.65,3.0875,2.4,2.9,2.8,3.2,2.3
5fc2734dbe970b424ca019b4,2,33,4,7,2.875,2.76875,3.01875,3.2,3,2.8,2.4,2.4,2.2
607cb8d1644bc7d3d41dfbc6,2,40,5,21,3.16875,3.275,3.33125,3.125,3.8,3.3,3.4,4,3
6234790e93ccbf5fc88ad4fe,2,52,4,19,3.375,3.15625,2.9875,3.4,3.2,2.9,2.8,3.4,2.9
59894fbbda239a0001fb8e16,2,62,4,43,2.99375,2.58125,3.29375,3.4375,3.3,3.2,3.2,2.7,2.8
62728e9f272ecd43323af13b,1,43,2,25,2.9375,2.9125,2.9375,3.39375,3.2,3.3,3.5,3.2,3.2
628d114b1acd87ea1b37874e,1,29,3,9,2.60625,3.3625,3.31875,3.5,3.1,3,3,3.3,3.1
579a4c6a82f7f90001ee9d92,2,52,3,25,3.19375,2.1625,3.2,3.59375,3.8,4.3,2.3,2.8,3
612d576fd75b6c46b4cefc6e,1,49,4,33,3.7625,3.70625,3.875,3.68125,3.7,3.6,3.6,3.2,3.4
5ff0fd368422b404716fc35b,2,21,3,4,3.675,3.31875,3.7125,4.175,3.3,3.8,3.6,3.5,4
60ff2984c0a808c7d7cf8548,2,22,2,2,3.0375,2.53125,2.99375,3.05,2.9,2.7,2.9,2.8,2.7
62ddf6403a786fffd41fae6b,1,23,3,0,3.1375,2.225,2.75,2.4625,3,1.9,2.1,2.8,1.9
5ecaf0fa5c1f7f6599d959ff,1,48,2,33,4.033333333,3.933333333,3.9,3.866666667,3.5,3.6,3,3.5,3.3
62a73647a057bfcf74a8d20a,1,28,5,10,2.95,3.09375,3.0375,3.575,3.6,3.6,3.2,3.2,3.3
627e71af3701230cdc757652,2,53,3,33,3.375,3.09375,3.075,2.83125,2.9,2.8,2.9,2.9,2.9
611729ddf39841cce093b0ff,2,44,4,26,2.9375,3.575,3.1625,2.8375,3,3,3.1,3.1,3.1
6102c837758ab633b284bd56,2,21,3,5,3.725,3.03125,3.625,3.01875,3.2,2.9,3.2,2.8,2.9
5694e7b5e0c800000b5a3841,1,49,2,36,3.3375,2.51875,3.2625,2.36875,2.8,2.7,2.4,2.2,2.1
614b3d6a4f76b8dfc939adf0,2,30,3,11,3,3.15,3.3,3.075,3.3,3.6,3.2,3.1,3.1
61639cbb5ffec1a6b93b2334,2,44,4,20,2.95625,3.4,3.39375,3.55625,4.1,4,3.8,4,3.8
63ba386fca1ef3cc33de26d2,1,51,2,33,3.025,3.5625,3.475,3.1125,2.7,2.9,2.8,3,2.3
5b1200ffd282ff00015c0154,1,35,3,16,2.95625,2.95625,3.6875,3.50625,3.4,3.6,3.6,3.2,3.4
628678ca852c5ee97a800552,2,37,4,21,3.25,2.8125,3.30625,3.475,3.6,3.1,3.1,3.3,3.1
5fa4c21a04bc5912180291bc,1,41,3,20,3.3375,2.51875,3.08125,3.31875,3.2,3.2,2.8,3.2,3
5d55d562e04e1c0001f5e682,2,32,4,10,2.9125,2.21875,3.175,3.875,3.3,3.3,3.1,2.7,2.9
5a198755f2e3460001edc5c9,1,34,2,16,3.625,2.975,3.5625,3.525,4.2,4,3.9,3.5,3.9
62e8db6f495d93a29697bfc5,1,44,3,20,3.56875,3.475,4.20625,3.65625,3,3,3.3,3.8,3.2
5ee232f2b970662cfa352567,1,35,4,10,3.08125,2.34375,3.9375,3.9125,3.8,3.8,3.2,3.8,3.5
61005a9bfd2f14f18ef7ec7d,1,25,4,3,3.05,2.9875,3.53125,3.83125,3.9,3.8,3.8,3.7,3.8
5fb327660f80c1a4d39fada2,2,25,4,5,3.3875,2.6875,3.3625,3.05,3.8,3.5,3.2,3.5,3.4
6111457269336cf7c25383de,2,22,3,6,3.2625,2.73125,2.74375,3.35625,2.7,2.5,2.5,2,2.1
634392ff653d29e2770b3636,1,20,2,0,2.4125,3.3,2.925,3.1125,2.4,3,2.5,2.4,1.9
5d18ca519bd071001aaaa932,1,42,3,25,3.16875,2.9625,3.6375,3.0875,2.8,3.5,3.3,3,2.8
5aea9a59852ddf0001ced15e,1,42,5,22,3.48125,3.875,3.625,3.3375,4.8,4.4,4.2,4.1,4.4
5c93325695153900102e948b,2,32,2,15,3.28125,2.6375,3.58125,3.5375,3.1,4.1,3.8,3.7,3.7
63a4dff814a50d09c319985c,1,62,2,50,2.65,2.94375,2.40625,3.55,3.3,3.4,2.8,3.5,2.8
5dcb685070d51c8275d7bd54,1,24,4,9,3.4125,2.6625,3.55625,3.175,3.7,3.3,2.9,2.7,2.5
6388fe254da991e17e7535ed,2,56,3,5,4.09375,2.25625,4.05625,3.5625,2.8,2.7,2,2.5,2.1
634265d4ff46e9c74d9fe152,1,26,4,2,2.58125,1.94375,4.2,2.8625,2.8,2.2,2.5,2.9,2.2
630ae85d349d91251756e24f,1,23,4,0,3.0625,2.325,3.5875,3.8,2.8,3,2.4,3.9,2.8
63bdb30d719f55d7b4d80c0c,2,59,2,41,3.2875,3.25625,3.2625,4.25625,4,3.5,3,3.5,3.5
5e753ccd65c9670a250a019b,2,19,2,4,3.29375,4.11875,3.45,3.125,3.3,4.1,3.8,3.1,3.4
5b7332e8fd718d00013d0655,2,27,4,1,3.2,2.333333333,3.433333333,2.533333333,3.6,4,3.9,3.9,3.8
615b89f05c6789f6c121026f,2,34,4,16,3.19375,2.825,2.75,2.78125,3.2,3,3.2,3.2,3.1
5e9b6bff86b73f07497155e3,1,23,3,7,3.49375,3.91875,3.0375,3.36875,3.9,4.3,4.1,3.9,4.1
636578c6aa1228f8b15ee701,1,23,4,4,3.65,2.9,4.0875,2.65,3,3,3,2.4,2.8
614e149fccc6a53ae06dfcd2,2,58,4,32,2.75625,3.59375,3.14375,3.29375,3.5,3.7,3.4,3.5,3.7
60e9fd1a1cf5a614d25fb185,2,28,3,8,3.64375,2.86875,3.95625,3.8,3.8,4,3.4,3.5,3.6
62732854d22b38dbdae3ef9c,1,46,4,28,2.89375,2.95,2.875,3.3,3.2,3.4,3.2,3.3,3.2
63616c4bc6ecb76a9f0a5f21,1,20,3,4,2.525,2.4125,2.3375,3.925,3,2.2,2.3,3.3,2.6
5d89a31c43734d0001b6a706,2,37,2,11,3.4875,2.5125,3.375,3.5625,3.4,3.8,3.7,3.4,3.5
60aee0858e96f753f593b729,2,26,3,6,3.50625,3.325,3.5,3.31875,3.5,3.5,4.5,3,3.5
60fdf16ab2af77d34e4014b5,2,24,4,1,3.8875,3.025,3.30625,3.63125,2.9,3.8,3.3,3.7,3
5a92d74035237b0001123af1,2,26,4,5,3.1375,3.5875,3.50625,3.1625,3.6,4.2,4.1,3.3,3.7
61bb392e40db417c1a138dcb,2,49,1,34,3.15,2.84375,3.28125,3.375,3.3,3.4,3.3,3.1,3.1
614a2938ccbb6e48eb2dcbd1,1,42,4,21,3.55625,3.2625,2.96875,3.38125,3,2.7,2.7,2.4,2.4
5faead22421a230a0a7c2e8d,2,37,2,20,2.93125,2.6375,2.925,3.675,2.8,2.9,2.8,3.4,2.8
628e0063fa56e316da2a71cb,1,48,2,30,3.94375,3.2,3.05625,2.25,2.4,2.2,2.2,1.9,1.8
63bda65b774a91e291c5b1a8,1,32,2,11,3.00625,2.1125,2.5,3.20625,3.5,4,3.5,2.8,3
62e9731465fb490879d942c7,2,22,4,4,2.66875,3.40625,2.3375,2.9,2.4,3,2,2.9,2.3
5dd03c5486c8861300974102,1,41,3,21,3.36875,3.56875,3.18125,2.7125,3.8,3.5,3.1,2.8,3
5edceace34669404354ab615,2,47,2,29,2.75,3.0375,3.225,2.625,4,3,3,4,3.5
599e1bb6c6dab70001403c52,2,38,4,18,3.5,3.51875,3.58125,3.3625,3.8,4.1,3.7,4.5,4.1
5d1ef341cde8e900013abcab,2,34,3,0,2.8,2.166666667,3.366666667,2.433333333,3,3.3,3.3,3,2.8
6298dd311a003b986813851b,1,40,5,22,3.00625,2.8625,3.3,3.4375,3.6,3.4,3.6,3.3,3.5
6144834d136ed7f27d2dbe60,3,49,5,26,3.06875,2.98125,3.1125,2.975,3.3,3.4,3.4,3.2,3.2
5e32fc389d3f972ca2dca81c,2,30,6,11,3.70625,3.66875,3.875,3.9625,3.8,3.9,3.7,3.8,3.8
60ff10899697dd7bdbdac10f,2,23,4,5,3.43125,3.11875,3.525,3.475,2.9,3,3.2,3.6,3.1
60a56378aa5f55ddac516adc,2,39,5,23,3.425,3.075,3.55,2.825,3.5,4.4,3.8,3.7,3.8
60906c79f8cfd718d6dcb3df,1,34,3,7,3.575,2.375,3.31875,3.54375,3.3,2.6,3,3.5,2.5
60fec84524bd8a640ec1bfb9,2,21,3,6,3.24375,3.11875,3.625,3.14375,3.5,3.3,3.9,3.7,3.9
628f83dc5398c04bac86f9e6,1,37,5,15,3.1375,3,2.85625,2.94375,3.1,3,3,3,2.9
60b3e6ad448226548d21fc4d,2,52,4,25,3.4875,3.4375,3.71875,3.6625,3.5,3.3,3.3,3.5,3.3
55b1add5fdf99b6731f04c5a,2,43,4,23,2.75,2.61875,3.10625,2.2875,2.5,2,2.5,2.3,2
5a8d1e105292b800012342c9,2,46,4,21,3.09375,3.33125,3.04375,3.925,3.5,4.1,4,3.3,3.5
60210277bcd2e700088f531c,1,25,3,3,3.525,3.28125,3.9875,3.425,3.3,3.8,3.3,3.3,3.3
63a0f27fca07899904e593f1,2,59,3,30,3.21875,3.71875,3.16875,3.3625,3.3,3.3,3.5,3.4,3.3
5c2dea19d396500001e2b39d,2,29,1,6,2.88125,2.50625,3.00625,2.55,3.3,3.1,2.7,3.2,2.8
633dc3726ff6f987b3e268d6,1,38,3,21,2.65,2.95625,3.38125,3.66875,3.3,2.7,3.3,2.9,2.9
6103109323a58bbf26662ce0,3,21,2,6,2.875,3.05,3,3.25,3.3,3.2,3,3.2,3.2
5e5731e3e1e8b90e25c1f3a2,1,41,4,21,3.025,3.30625,3.025,3.24375,3.3,2.8,2.6,3,2.7
611b1d3794ac948af7e57e7a,1,21,3,1,3.08125,3.15625,3.35625,3.06875,3.3,3.6,3.2,3.5,3.3
55ca5305fdf99b498b73f29c,1,26,6,10,3.24375,2.49375,3.1125,3.4625,3.4,2.4,3.1,3,3
58f0fca0d40252000192f201,1,42,5,16,3.1375,2.58125,3.3625,2.39375,2.8,3.4,3.6,3.3,3.2
5b9c1a42c57b4b0001eedc61,2,55,4,25,3.075,1.73125,3.06875,2.84375,3.5,2.9,2.9,2.8,2.8
61363ce02e6022a741d63a6e,1,26,4,4,3.05625,3.225,3.29375,3.00625,3.4,3.8,3.7,3.6,3.6
6153c8a5e9fa7e4a77a4baee,3,31,7,12,2.9,2.48125,3.24375,3.06875,2.5,2.6,2.5,2.5,2.5
63d3fadce8d1c8d393740c2b,1,31,4,15,3.50625,3.09375,3.6875,3.58125,3.6,2.9,3.1,3.8,3.2
5ecd4acdb218ec085c6eefe6,1,34,4,17,3.53125,3.3125,3.225,3.53125,3.5,3.5,3.5,3.5,3.3
56e6a66af6ed900006a5867c,1,43,2,21,3.33125,2.91875,3.45,3.725,3.5,3,3.5,3.2,3
5a08c9a7f2e3460001edb063,2,26,4,1,3.4625,1.94375,3.69375,2.725,3.7,3.4,3.3,2.8,2.5
60dfa0f80964725cfdab1685,1,61,3,42,2.325,1.59375,2.24375,3.075,2.5,1.5,1.5,2,1.5
6157d22b9998f96a77f41567,2,54,5,30,2.9125,2.9375,3.3,3.375,3.6,3.7,3.7,3.8,3.6
6110c3238a3b6a949ee6cf97,2,21,4,2,3.3125,2.85,3.41875,2.675,3.5,3.6,3.6,3.7,3.6
631f626c1a2be3cc3d2069d8,2,34,3,20,3.3125,3.16875,2.81875,2.7875,3,2.8,3,3.3,2.9
55b2d3f2fdf99b525bc839aa,1,35,4,11,2.39375,1.96875,2.56875,2.81875,2.2,2.2,2.2,3.4,1.9
62962c18b210880e85c1fc8e,1,29,3,10,2.8875,2.9625,3.275,3.31875,3.2,2.7,2.7,3,2.8
6117217f6c1964b5c4b49493,1,29,4,8,3.25,3.2375,2.79375,3.6,3.7,3.1,2.9,3.4,3.2
63bc68d9350ec3b6a40d7898,1,22,4,1,3.29375,3.54375,3.21875,3.60625,3.6,3,2.8,3.4,3.1
62dd9f33ad57b611f57ac39c,1,49,5,32,3.7125,3.00625,3.9,3.86875,3.5,2.7,3.1,3.4,3.1
63c2daa1ff7f190542432da9,1,52,6,26,3.04375,2.6125,3.81875,3.80625,3.6,2.8,3.2,3.4,3
5e9310d77d6dc1000baa5ee7,2,27,3,9,3.0375,2.4125,3.9875,3.2375,3.4,3.4,3.6,3.8,3.6
6109649dbb35090e6179a6c8,2,25,7,6,2.99375,2.95625,3.175,3.43125,2.9,3.1,3.1,2.9,2.9
614eb0a92921d8c1e64f4873,2,53,3,30,3.6375,2.725,3.316875,3.28125,3.7,3.3,3.2,3,3.3
60fcde9a850ce7f67fd9ee5a,2,27,4,9,3.23125,3.11875,3.475,3.0125,3.4,4.6,4.2,3.7,4
63a0f184022026c96b61af63,1,58,5,40,4.1,3.08125,4.1125,4.2625,3.5,3.1,3.3,3.6,3.7
61128c2c056a6993a3868078,1,37,2,19,2.85,2.475,2.3125,3.1,2.5,2.3,2.1,2,2
5e74e1df5ae15103a51a1ee8,1,34,3,17,3.125,3.125,3.3,3.0875,3,3.8,3.7,3.6,3.3
5484821efdf99b07b28f2300,2,38,4,19,3.6375,3.28125,3.8125,3.3125,2.8,3.7,3.5,3.5,2.8
5cc489df3e74d80001198974,2,24,1,0,3.7125,2.25,3.95625,3.91875,2.8,3,2.6,3.4,2.5
63665e477cdd7caf4dee2b48,2,31,4,14,2.44375,3.33125,3.2875,2.95625,3,3.5,3,3,3
6314453e0a22cc4e1e66ca08,1,36,4,21,2.5875,3.0875,3.3125,3.6375,2.8,2.5,2.6,3.2,2.5
609f228c91118f1242805f43,2,53,3,37,4.025,2.89375,3.625,4.0125,4,3.5,2.9,4,3.5
6145a88c94a2c86532d36b0f,1,24,2,6,3.05625,2.80625,3.4125,3.3375,3.2,3.1,3,3,2.9
63471914225d90278f470759,1,59,3,30,2.4875,2.3125,3.5,2.5125,3,3,3,3.2,2.5
5ca73ac06fa13f00189cbe17,1,58,5,30,3.7,2.41875,3.94375,3.075,3.4,3.9,3.8,2.7,2.8
60a6c78720fb46c16a21ab1e,2,27,4,6,3.23125,2.6375,3.725,3.2625,2.9,3.5,2.6,2.9,2.2
610fb9afc435c9e8b5713f67,3,24,3,4,3.5375,4.09375,4.0375,2.66875,3.7,3.8,3.4,3.8,3.8
5c1a7844681a0600018e4d8d,2,37,2,21,3.69375,2.63125,3.7125,3.30625,3.5,3.2,3.4,3.7,3.2
62bb090302d4f0b567668d06,1,44,5,20,2.90625,2.34375,3.79375,2.575,2.7,2.8,2.8,2.5,2
5eeab676ab85911df1cbee3c,2,26,5,1,2.5,2.5,2.6375,3.8125,2.9,3,2.9,3.8,3.2
628f77c4d003ee884a5573fd,2,55,4,40,3.55625,2.64375,3.65,2.975,3.2,2.8,2.8,2.8,2.8
6109adc9ecd0420ded4d9b2b,2,25,4,0,4.05625,3.51875,3.25625,4,3.4,3.5,3.7,3.3,3.7
6152be1021c9ab590015a3e3,2,32,3,15,3.325,2.49375,3.525,3.7125,3.5,3.3,3.6,3.6,3.4
60f31196cf392939a843ab34,3,27,4,1,3.14375,2.6625,3.45,3.25625,3.5,3.8,3.4,4,3.3
5d0825b656645b00189807f1,2,32,2,9,3.4,2.325,2.9375,3,3.5,2.9,2.9,3,2.8
5ea9bfd30a9b190f0c87c693,2,37,4,11,4.2125,3.3,3.61875,3.9,3.7,4.1,3.5,3.3,3.9
6330f30b973410dadd20eb64,2,40,3,16,3.275,2.69375,3.0375,2.33125,3.4,2.4,2.6,2.7,2.1
5dd2f7403c4937312433cc11,1,33,3,10,2.3,3.3875,2.79375,2.925,2.7,2.8,2.6,3,2.5
6102c2bafd71006cf4fcbd67,2,27,4,10,2.95625,3.4125,3.34375,3.1,3.4,3.6,3.7,3.5,3.5
63856591249f1fb799eb5e0e,2,49,4,27,3.6,3.4875,3.4625,4.0875,3.7,3,3.3,3.5,3.3
604977029140cd048133a1cb,1,26,4,4,3.48125,3.4375,4.00625,3.075,3.5,3.8,3.8,3.4,3.8
5cc99b0973d6e70001c2fc87,2,31,3,10,2.65625,2.49375,3.33125,2.55,3.4,3.4,3.2,3,2.9
636149c88d2d393decf957f7,1,37,2,20,2.63125,3,3.825,2.8875,3.4,3,3,3.1,2.9
6266e4d8c69d3dda3373f092,2,51,4,39,3.63125,3.26875,3.70625,2.975,3.5,3.1,3.6,3,3.2
5a8352feae9a0b0001a9da8f,2,58,4,30,3.00625,2.8125,2.575,2.8625,3.7,3.5,3.6,3.2,3.3
6318ed962c89e72710559631,1,32,4,9,4.06875,2.58125,2.725,3.53125,3.7,2.6,2.2,3,2.5
5f70e511e024d06de2bd393c,2,50,3,36,3.6625,2.6875,3.28125,3.54375,3.4,3.3,3.3,3.5,3
62b347618b52904682bf1ca7,3,20,3,3,3.64375,3.14375,4.25625,2.5625,3.2,2.7,2.7,2.7,2.4
63a92e2605e59f352e566b83,2,49,3,30,2.8125,2.55,2.025,2.225,3,2,1.5,2,1.5
6010d8a55ccbc64789fcbd03,3,33,4,17,3.19375,2.725,3.4875,3.00625,3,2.5,2.8,2.8,2.3
6104b1c50f6057c1d8a6e3a6,2,27,5,7,2.88125,2.78125,3.325,2.9875,3.2,3.6,3.3,3.1,3.1
6387f4bcdf5c22093c240bf6,2,55,4,25,2.45625,4.2875,3.7375,2.64375,3.6,3.8,3.4,3,3.2
63852fbf95d78ba25b99005e,2,55,4,34,2.675,2.30625,3.69375,3.89375,3.4,2.8,2.6,3.4,2.8
63615e6f289af113029ab58b,1,35,5,14,3.4125,3.5,3.4625,3.425,3.4,3.4,3.2,3.3,3.5
62cbf51439a76e8fccd8a495,2,58,3,31,3.28125,3.6625,3.6625,4.2375,3.3,3.4,3.3,3.7,3.4
5eec8774ff59de0009913a65,2,65,4,30,3.925,3.8625,2.575,3.8125,3.7,3,3,4,3
5aa3609e6475f90001a04905,1,26,4,8,3.225,2.8625,3.25625,3.275,3.9,3.5,3.3,3.9,3.7
5e74ff093115e00576f0187c,1,34,3,15,2.633333333,1.533333333,2.533333333,2.291666667,3.1,2.6,2.3,2.8,2.4
60abdc82ec2d1e548b986424,1,60,5,40,3.4625,3.40625,3.86875,3.25,3,4,4.5,4.5,4
62c0e760fe5cc4964a774900,1,46,3,30,2.8875,3.19375,1.925,2.3875,2.6,2.3,2.2,2.2,1.8
5adef850eb60400001539109,1,25,3,1,2.73125,2.5,2.88125,2.95,4.1,3.5,3.8,3.8,3.6
6390a0e1aa5654301da0c865,2,55,2,40,2.575,3.183333333,2.3,3.1,2.5,2.5,2,2.5,2
571f8b7d936f5f0009c6d7c9,2,60,3,40,3.1375,2.625,3.225,3,3.3,3.6,2.7,2.8,2.2
602bff07a6fada440d3c4f6b,1,50,3,30,3.4125,3.2875,3.125,3.69375,3.5,3.1,2.8,3.3,2.5
5d6807f9778de5001a120d9a,1,38,4,19,3.65,3.125,3.24375,3.98125,3.7,3.5,2.8,3.4,3.1
58a1fe40ea3d11000170d9b9,2,31,3,5,3.74375,2.3,3.51875,3.7625,3.7,3.1,3.2,3.2,3.1
60d2d061fd054556769ca306,1,20,3,0,3.85625,3.34375,2.775,2.50625,3.9,4,3,3.7,3.5
60ff4b84b52195c0b11131dd,2,30,5,7,2.7875,3.01875,3.24375,3.75,3,3.2,3.3,3.3,3.3
5fbd371dc57ae80a38ba00c2,1,33,4,10,3.608333333,3.416666667,3.716666667,3.558333333,3.5,4,3.7,3.5,3
5a95fee189de8200013eddd4,2,40,3,20,3.36875,2.8125,2.9125,2.89375,3.5,2.9,2.9,2.8,2.8
629a6460a0232815dab01a01,2,31,4,7,3.36875,3.075,3.44375,3.1625,2.9,3.1,2.9,3.1,2.9
5db5dacdb2d499000a8f4439,4,32,5,13,3.1625,3.11875,3.64375,3.0625,3,3.8,3.5,3.5,3.3
5dcf4136cf8e7e086ea019e4,2,55,4,31,3.8125,2.4,2.7625,2.7875,3.6,3.4,3.2,3.5,3.2
